path,title,suggested_slug,goal,week,day,kind,tier,technologies,file_count,size_bytes,lines,source_files,entry_points,has_readme,readme_path,test_files,syntax_errors,completion_score,quality_score
Week1Python/Day1StartingwithPython/DailyChallenge/BuildUpAString,Daily Challenge — Build up a string,daily-challenge-build-up-a-string,"Practice Python syntax, data types, input/output, conditionals, and foundational problem solving.",Week1Python,Day1StartingwithPython,Daily Challenge,,Python,2,8441,345,Week1Python/Day1StartingwithPython/DailyChallenge/BuildUpAString/buildupastring.py,Week1Python/Day1StartingwithPython/DailyChallenge/BuildUpAString/buildupastring.py,True,Week1Python/Day1StartingwithPython/DailyChallenge/BuildUpAString/README.md,,,80,72
Week1Python/Day1StartingwithPython/Exercises/ExercisesXP,Exercises XP - Foundation Mastery,exercises-xp-foundation-mastery,"Practice Python syntax, data types, input/output, conditionals, and foundational problem solving.",Week1Python,Day1StartingwithPython,Exercise,XP,Python,2,13308,524,Week1Python/Day1StartingwithPython/Exercises/ExercisesXP/exercisesxp.py,Week1Python/Day1StartingwithPython/Exercises/ExercisesXP/exercisesxp.py,True,Week1Python/Day1StartingwithPython/Exercises/ExercisesXP/README.md,,,80,72
Week1Python/Day1StartingwithPython/Exercises/ExercisesXPGold,Exercises XP Gold - Enhanced Practice,exercises-xp-gold-enhanced-practice,"Practice Python syntax, data types, input/output, conditionals, and foundational problem solving.",Week1Python,Day1StartingwithPython,Exercise,XP Gold,Python,2,7521,272,Week1Python/Day1StartingwithPython/Exercises/ExercisesXPGold/exercisesxpgold.py,Week1Python/Day1StartingwithPython/Exercises/ExercisesXPGold/exercisesxpgold.py,True,Week1Python/Day1StartingwithPython/Exercises/ExercisesXPGold/README.md,,,80,72
Week1Python/Day1StartingwithPython/Exercises/ExercisesXPNinja,Exercises XP Ninja - Advanced Challenges,exercises-xp-ninja-advanced-challenges,"Practice Python syntax, data types, input/output, conditionals, and foundational problem solving.",Week1Python,Day1StartingwithPython,Exercise,XP Ninja,Python,2,10967,323,Week1Python/Day1StartingwithPython/Exercises/ExercisesXPNinja/exercisesxpninja.py,Week1Python/Day1StartingwithPython/Exercises/ExercisesXPNinja/exercisesxpninja.py,True,Week1Python/Day1StartingwithPython/Exercises/ExercisesXPNinja/README.md,,,80,72
Week1Python/Day2ListsIteratingAndFormattingData/DailyChallenge/GoldHappyBirthday,Daily Challenge GOLD — Happy Birthday,daily-challenge-gold-happy-birthday,"Manipulate collections, iterate safely, validate input, and format useful output.",Week1Python,Day2ListsIteratingAndFormattingData,Daily Challenge,,Python,2,6749,221,Week1Python/Day2ListsIteratingAndFormattingData/DailyChallenge/GoldHappyBirthday/happybirthday.py,Week1Python/Day2ListsIteratingAndFormattingData/DailyChallenge/GoldHappyBirthday/happybirthday.py,True,Week1Python/Day2ListsIteratingAndFormattingData/DailyChallenge/GoldHappyBirthday/README.md,,,80,72
Week1Python/Day2ListsIteratingAndFormattingData/DailyChallenge/ListAndStrings,Daily Challenge — Lists & Strings,daily-challenge-lists-and-strings,"Manipulate collections, iterate safely, validate input, and format useful output.",Week1Python,Day2ListsIteratingAndFormattingData,Daily Challenge,,Python,2,7400,279,Week1Python/Day2ListsIteratingAndFormattingData/DailyChallenge/ListAndStrings/dailychallengelistandstrings.py,Week1Python/Day2ListsIteratingAndFormattingData/DailyChallenge/ListAndStrings/dailychallengelistandstrings.py,True,Week1Python/Day2ListsIteratingAndFormattingData/DailyChallenge/ListAndStrings/README.md,,,80,72
Week1Python/Day2ListsIteratingAndFormattingData/Exercises/ExercisesXP,"Exercises XP — Lists, Sets, Tuples & Iteration",exercises-xp-lists-sets-tuples-and-iteration,"Manipulate collections, iterate safely, validate input, and format useful output.",Week1Python,Day2ListsIteratingAndFormattingData,Exercise,XP,Python,2,13617,446,Week1Python/Day2ListsIteratingAndFormattingData/Exercises/ExercisesXP/exercisesxp.py,Week1Python/Day2ListsIteratingAndFormattingData/Exercises/ExercisesXP/exercisesxp.py,True,Week1Python/Day2ListsIteratingAndFormattingData/Exercises/ExercisesXP/README.md,,,80,72
Week1Python/Day2ListsIteratingAndFormattingData/Exercises/ExercisesXPGold,Exercises XP Gold - Enhanced Data Manipulation,exercises-xp-gold-enhanced-data-manipulation,"Manipulate collections, iterate safely, validate input, and format useful output.",Week1Python,Day2ListsIteratingAndFormattingData,Exercise,XP Gold,Python,2,10219,340,Week1Python/Day2ListsIteratingAndFormattingData/Exercises/ExercisesXPGold/exercisesxpgold.py,Week1Python/Day2ListsIteratingAndFormattingData/Exercises/ExercisesXPGold/exercisesxpgold.py,True,Week1Python/Day2ListsIteratingAndFormattingData/Exercises/ExercisesXPGold/README.md,,,80,72
Week1Python/Day2ListsIteratingAndFormattingData/Exercises/ExercisesXPNinja,Exercises XP Ninja - Advanced Python Challenges,exercises-xp-ninja-advanced-python-challenges,"Manipulate collections, iterate safely, validate input, and format useful output.",Week1Python,Day2ListsIteratingAndFormattingData,Exercise,XP Ninja,Python,2,13435,475,Week1Python/Day2ListsIteratingAndFormattingData/Exercises/ExercisesXPNinja/exercisesxpninja.py,Week1Python/Day2ListsIteratingAndFormattingData/Exercises/ExercisesXPNinja/exercisesxpninja.py,True,Week1Python/Day2ListsIteratingAndFormattingData/Exercises/ExercisesXPNinja/README.md,,,80,72
Week1Python/Day3Dictionaries/DailyChallenge/CaesarCypher,Daily Challenge GOLD — Caesar Cipher 🔐🧠,daily-challenge-gold-caesar-cipher,Model and transform key-value data with dictionaries and nested collections.,Week1Python,Day3Dictionaries,Daily Challenge,,Python,2,6478,207,Week1Python/Day3Dictionaries/DailyChallenge/CaesarCypher/caesarcipher.py,Week1Python/Day3Dictionaries/DailyChallenge/CaesarCypher/caesarcipher.py,True,Week1Python/Day3Dictionaries/DailyChallenge/CaesarCypher/README.md,,,80,75
Week1Python/Day3Dictionaries/DailyChallenge/Dictionaries,Daily Challenge - Dictionaries,daily-challenge-dictionaries,Model and transform key-value data with dictionaries and nested collections.,Week1Python,Day3Dictionaries,Daily Challenge,,Python,2,15101,627,Week1Python/Day3Dictionaries/DailyChallenge/Dictionaries/dictionaries.py,Week1Python/Day3Dictionaries/DailyChallenge/Dictionaries/dictionaries.py,True,Week1Python/Day3Dictionaries/DailyChallenge/Dictionaries/README.md,,,80,75
Week1Python/Day3Dictionaries/Exercises/ExercisesXP,Exercises XP - Dictionaries Fundamentals,exercises-xp-dictionaries-fundamentals,Model and transform key-value data with dictionaries and nested collections.,Week1Python,Day3Dictionaries,Exercise,XP,Python,2,21509,785,Week1Python/Day3Dictionaries/Exercises/ExercisesXP/exercisesxp.py,Week1Python/Day3Dictionaries/Exercises/ExercisesXP/exercisesxp.py,True,Week1Python/Day3Dictionaries/Exercises/ExercisesXP/README.md,,,80,75
Week1Python/Day3Dictionaries/Exercises/ExercisesXP+,Python Practice — Student Grade Summary & Sales Data Analysis,python-practice-student-grade-summary-and-sales-data-analysis,Model and transform key-value data with dictionaries and nested collections.,Week1Python,Day3Dictionaries,Exercise,XP Plus,Python,2,11951,373,Week1Python/Day3Dictionaries/Exercises/ExercisesXP+/exercisesxpplus.py,Week1Python/Day3Dictionaries/Exercises/ExercisesXP+/exercisesxpplus.py,True,Week1Python/Day3Dictionaries/Exercises/ExercisesXP+/README.md,,,80,75
Week1Python/Day3Dictionaries/Exercises/ExercisesXPGold,Python Practice — Birthdays & Fruit Shop,python-practice-birthdays-and-fruit-shop,Model and transform key-value data with dictionaries and nested collections.,Week1Python,Day3Dictionaries,Exercise,XP Gold,Python,2,5709,190,Week1Python/Day3Dictionaries/Exercises/ExercisesXPGold/exercisesxpgold.py,Week1Python/Day3Dictionaries/Exercises/ExercisesXPGold/exercisesxpgold.py,True,Week1Python/Day3Dictionaries/Exercises/ExercisesXPGold/README.md,,,80,75
Week1Python/Day3Dictionaries/Exercises/ExercisesXPNinja,Exercises XP Ninja — Cars 🚗🧠,exercises-xp-ninja-cars,Model and transform key-value data with dictionaries and nested collections.,Week1Python,Day3Dictionaries,Exercise,XP Ninja,Python,2,4865,153,Week1Python/Day3Dictionaries/Exercises/ExercisesXPNinja/xpninjacars.py,Week1Python/Day3Dictionaries/Exercises/ExercisesXPNinja/xpninjacars.py,True,Week1Python/Day3Dictionaries/Exercises/ExercisesXPNinja/readme.md,,,80,75
Week1Python/Day3Dictionaries/Exercises/TimedChallenge1,timed challenge #1 — reverse the sentence 🔁📝,timed-challenge-1-reverse-the-sentence,Model and transform key-value data with dictionaries and nested collections.,Week1Python,Day3Dictionaries,Timed Challenge,,Python,2,1560,64,Week1Python/Day3Dictionaries/Exercises/TimedChallenge1/timedsentence.py,Week1Python/Day3Dictionaries/Exercises/TimedChallenge1/timedsentence.py,True,Week1Python/Day3Dictionaries/Exercises/TimedChallenge1/readme.md,,,80,75
Week1Python/Day3Dictionaries/Exercises/TimedChallenge2,timed challenge #2 — perfect number ✅🔢,timed-challenge-2-perfect-number,Model and transform key-value data with dictionaries and nested collections.,Week1Python,Day3Dictionaries,Timed Challenge,,Python,2,1918,81,Week1Python/Day3Dictionaries/Exercises/TimedChallenge2/perfectnumber.py,Week1Python/Day3Dictionaries/Exercises/TimedChallenge2/perfectnumber.py,True,Week1Python/Day3Dictionaries/Exercises/TimedChallenge2/readme.md,,,80,75
Week1Python/Day4Functions/DailyChallenge/SolveTheMatrix,Daily Challenge - Solve The Matrix,daily-challenge-solve-the-matrix,"Design reusable functions with clear parameters, return values, validation, and scope.",Week1Python,Day4Functions,Daily Challenge,,Python,2,6455,272,Week1Python/Day4Functions/DailyChallenge/SolveTheMatrix/solvethematrix.py,Week1Python/Day4Functions/DailyChallenge/SolveTheMatrix/solvethematrix.py,True,Week1Python/Day4Functions/DailyChallenge/SolveTheMatrix/README.md,,,80,72
Week1Python/Day4Functions/Exercises/ExercisesXP,Exercises XP - Functions Fundamentals,exercises-xp-functions-fundamentals,"Design reusable functions with clear parameters, return values, validation, and scope.",Week1Python,Day4Functions,Exercise,XP,Python,2,17015,600,Week1Python/Day4Functions/Exercises/ExercisesXP/exercisesxp.py,Week1Python/Day4Functions/Exercises/ExercisesXP/exercisesxp.py,True,Week1Python/Day4Functions/Exercises/ExercisesXP/README.md,,,80,72
Week1Python/Day4Functions/Exercises/ExercisesXPGold,Exercises XP Gold - Advanced Function Techniques# 🥇 Exercises XP Gold - Advanced Functi…,exercises-xp-gold-advanced-function-techniques-exercises-xp-gold-advanced-functi,"Design reusable functions with clear parameters, return values, validation, and scope.",Week1Python,Day4Functions,Exercise,XP Gold,Python,2,19009,770,Week1Python/Day4Functions/Exercises/ExercisesXPGold/xpgoldfunctions.py,Week1Python/Day4Functions/Exercises/ExercisesXPGold/xpgoldfunctions.py,True,Week1Python/Day4Functions/Exercises/ExercisesXPGold/README.md,,,80,75
Week1Python/Day4Functions/Exercises/ExercisesXPNinja,Exercises XP Ninja - Expert Function Challenges,exercises-xp-ninja-expert-function-challenges,"Design reusable functions with clear parameters, return values, validation, and scope.",Week1Python,Day4Functions,Exercise,XP Ninja,Python,2,13284,416,Week1Python/Day4Functions/Exercises/ExercisesXPNinja/xpninjafunctionssingle.py,Week1Python/Day4Functions/Exercises/ExercisesXPNinja/xpninjafunctionssingle.py,True,Week1Python/Day4Functions/Exercises/ExercisesXPNinja/README.md,,,80,75
Week1Python/Day4Functions/Exercises/TimedChallenge1,Timed Challenge #1 - Count Character Occurrence,timed-challenge-1-count-character-occurrence,"Design reusable functions with clear parameters, return values, validation, and scope.",Week1Python,Day4Functions,Timed Challenge,,Python,2,3611,172,Week1Python/Day4Functions/Exercises/TimedChallenge1/countoccurence.py,Week1Python/Day4Functions/Exercises/TimedChallenge1/countoccurence.py,True,Week1Python/Day4Functions/Exercises/TimedChallenge1/readme.md,,,80,75
Week1Python/Day5MiniProject/DailyChallenge/AdvancedAlgorithm,Advanced Algorithm - Two Sum Problem,advanced-algorithm-two-sum-problem,"Complete the exercise requirements, explain the concepts used, validate edge cases, and document how to run the solution.",Week1Python,Day5MiniProject,Daily Challenge,,Python,4,11962,371,Week1Python/Day5MiniProject/DailyChallenge/AdvancedAlgorithm/main.py | Week1Python/Day5MiniProject/DailyChallenge/AdvancedAlgorithm/src/demodata.py | Week1Python/Day5MiniProject/DailyChallenge/AdvancedAlgorithm/src/pairs.py,Week1Python/Day5MiniProject/DailyChallenge/AdvancedAlgorithm/main.py,True,Week1Python/Day5MiniProject/DailyChallenge/AdvancedAlgorithm/README.md,,,80,82
Week1Python/Day5MiniProject/DailyChallenge/Challenges,Daily Challenge - String Sorting & Analysis,daily-challenge-string-sorting-and-analysis,"Complete the exercise requirements, explain the concepts used, validate edge cases, and document how to run the solution.",Week1Python,Day5MiniProject,Daily Challenge,,Python,2,7961,317,Week1Python/Day5MiniProject/DailyChallenge/Challenges/challenges.py,Week1Python/Day5MiniProject/DailyChallenge/Challenges/challenges.py,True,Week1Python/Day5MiniProject/DailyChallenge/Challenges/README.md,,,80,75
Week1Python/Day5MiniProject/Exercises/Challenges1,Challenges Set 1 - 20 Python Exercises,challenges-set-1-20-python-exercises,"Complete the exercise requirements, explain the concepts used, validate edge cases, and document how to run the solution.",Week1Python,Day5MiniProject,Mini Project,,Python,2,15977,553,Week1Python/Day5MiniProject/Exercises/Challenges1/challengessolutions.py,Week1Python/Day5MiniProject/Exercises/Challenges1/challengessolutions.py,True,Week1Python/Day5MiniProject/Exercises/Challenges1/README.md,,,80,72
Week1Python/Day5MiniProject/Exercises/Challenges2,Challenges Set 2 - Pattern Drawing & Algorithm Analysis,challenges-set-2-pattern-drawing-and-algorithm-analysis,"Complete the exercise requirements, explain the concepts used, validate edge cases, and document how to run the solution.",Week1Python,Day5MiniProject,Mini Project,,Python,4,10870,398,Week1Python/Day5MiniProject/Exercises/Challenges2/main.py | Week1Python/Day5MiniProject/Exercises/Challenges2/src/ex2analysis.py | Week1Python/Day5MiniProject/Exercises/Challenges2/src/patterns.py,Week1Python/Day5MiniProject/Exercises/Challenges2/main.py,True,Week1Python/Day5MiniProject/Exercises/Challenges2/README.md,,,80,82
Week1Python/Day5MiniProject/Exercises/Hangman,Hangman Game# 🎮 Hangman Game# 🎮 Mini-Project #2 — Hangman (Python) ✨,hangman-game-hangman-game-mini-project-2-hangman-python,"Build a modular command-line word game with state management, validation, and replayable interaction.",Week1Python,Day5MiniProject,Mini Project,,Python,5,27609,974,Week1Python/Day5MiniProject/Exercises/Hangman/main.py | Week1Python/Day5MiniProject/Exercises/Hangman/src/art.py | Week1Python/Day5MiniProject/Exercises/Hangman/src/game.py | Week1Python/Day5MiniProject/Exercises/Hangman/src/words.py,Week1Python/Day5MiniProject/Exercises/Hangman/main.py,True,Week1Python/Day5MiniProject/Exercises/Hangman/README.md,,,80,82
Week1Python/Day5MiniProject/Exercises/TicTacToe,Tic-Tac-Toe 🎮,tic-tac-toe,"Build a two-player command-line game with board rendering, move validation, and win detection.",Week1Python,Day5MiniProject,Mini Project,,Python,2,4851,146,Week1Python/Day5MiniProject/Exercises/TicTacToe/tictactoe.py,Week1Python/Day5MiniProject/Exercises/TicTacToe/tictactoe.py,True,Week1Python/Day5MiniProject/Exercises/TicTacToe/README.md,,,80,75
Week2OOP/Day1IntroductiontoOOP/DailyChallenge,Daily Challenge - Old MacDonald's Farm,daily-challenge-old-mac-donalds-farm,"Practice classes, objects, methods, special methods, and maintainable object-oriented design.",Week2OOP,Day1IntroductiontoOOP,Daily Challenge,,Python,2,7513,233,Week2OOP/Day1IntroductiontoOOP/DailyChallenge/oldmcdonaldsfarm.py,Week2OOP/Day1IntroductiontoOOP/DailyChallenge/oldmcdonaldsfarm.py,True,Week2OOP/Day1IntroductiontoOOP/DailyChallenge/README.md,,,80,75
Week2OOP/Day1IntroductiontoOOP/Exercises/ExercisesXP,Day1 Introductionto OOP — Exercises XP,day1-introductionto-oop-exercises-xp,"Practice classes, objects, methods, special methods, and maintainable object-oriented design.",Week2OOP,Day1IntroductiontoOOP,Exercise,XP,Python,1,21295,660,Week2OOP/Day1IntroductiontoOOP/Exercises/ExercisesXP/exercisesxp.py,Week2OOP/Day1IntroductiontoOOP/Exercises/ExercisesXP/exercisesxp.py,False,,,,65,55
Week2OOP/Day1IntroductiontoOOP/Exercises/ExercisesXPGold,Exercises XP Gold — Single-File Solutions 🧠🐍,exercises-xp-gold-single-file-solutions,"Practice classes, objects, methods, special methods, and maintainable object-oriented design.",Week2OOP,Day1IntroductiontoOOP,Exercise,XP Gold,Python,2,8028,226,Week2OOP/Day1IntroductiontoOOP/Exercises/ExercisesXPGold/exercisesxpgold.py,Week2OOP/Day1IntroductiontoOOP/Exercises/ExercisesXPGold/exercisesxpgold.py,True,Week2OOP/Day1IntroductiontoOOP/Exercises/ExercisesXPGold/readme.md,,Week2OOP/Day1IntroductiontoOOP/Exercises/ExercisesXPGold/exercisesxpgold.py,70,60
Week2OOP/Day1IntroductiontoOOP/Exercises/ExercisesXPNinja,Exercises XP Ninja — Single-File Solution 🧠🐍,exercises-xp-ninja-single-file-solution,"Practice classes, objects, methods, special methods, and maintainable object-oriented design.",Week2OOP,Day1IntroductiontoOOP,Exercise,XP Ninja,Python,2,5687,166,Week2OOP/Day1IntroductiontoOOP/Exercises/ExercisesXPNinja/exercisesxpninja.py,Week2OOP/Day1IntroductiontoOOP/Exercises/ExercisesXPNinja/exercisesxpninja.py,True,Week2OOP/Day1IntroductiontoOOP/Exercises/ExercisesXPNinja/readme.md,,,80,75
Week2OOP/Day2OOPInheritanceEncapsulationPolymorphism/DailyChallenge/Pagination,Daily Challenge – Pagination Utility,daily-challenge-pagination-utility,"Apply object-oriented inheritance, encapsulation, polymorphism, and reusable class design.",Week2OOP,Day2OOPInheritanceEncapsulationPolymorphism,Daily Challenge,,Python,2,4211,113,Week2OOP/Day2OOPInheritanceEncapsulationPolymorphism/DailyChallenge/Pagination/pagination.py,Week2OOP/Day2OOPInheritanceEncapsulationPolymorphism/DailyChallenge/Pagination/pagination.py,True,Week2OOP/Day2OOPInheritanceEncapsulationPolymorphism/DailyChallenge/Pagination/README.md,,,80,78
Week2OOP/Day2OOPInheritanceEncapsulationPolymorphism/Exercises/ExercisesXP,"Day 2 Exercises – Inheritance, Encapsulation & Polymorphism",day-2-exercises-inheritance-encapsulation-and-polymorphism,"Apply object-oriented inheritance, encapsulation, polymorphism, and reusable class design.",Week2OOP,Day2OOPInheritanceEncapsulationPolymorphism,Exercise,XP,Python,2,6244,209,Week2OOP/Day2OOPInheritanceEncapsulationPolymorphism/Exercises/ExercisesXP/exercisesxp.py,Week2OOP/Day2OOPInheritanceEncapsulationPolymorphism/Exercises/ExercisesXP/exercisesxp.py,True,Week2OOP/Day2OOPInheritanceEncapsulationPolymorphism/Exercises/ExercisesXP/README.md,,,80,78
Week2OOP/Day2OOPInheritanceEncapsulationPolymorphism/Exercises/ExercisesXPGold,Exercises XP Gold — Inheritance 🧠🧬,exercises-xp-gold-inheritance,"Apply object-oriented inheritance, encapsulation, polymorphism, and reusable class design.",Week2OOP,Day2OOPInheritanceEncapsulationPolymorphism,Exercise,XP Gold,Python,2,11144,279,Week2OOP/Day2OOPInheritanceEncapsulationPolymorphism/Exercises/ExercisesXPGold/exercisesxpgoldinheritance.py,Week2OOP/Day2OOPInheritanceEncapsulationPolymorphism/Exercises/ExercisesXPGold/exercisesxpgoldinheritance.py,True,Week2OOP/Day2OOPInheritanceEncapsulationPolymorphism/Exercises/ExercisesXPGold/readme.md,,,80,72
Week2OOP/Day2OOPInheritanceEncapsulationPolymorphism/Exercises/ExercisesXPNinja,Exercises XP Ninja — Inheritance 🧠🧬,exercises-xp-ninja-inheritance,"Apply object-oriented inheritance, encapsulation, polymorphism, and reusable class design.",Week2OOP,Day2OOPInheritanceEncapsulationPolymorphism,Exercise,XP Ninja,Python,2,9902,265,Week2OOP/Day2OOPInheritanceEncapsulationPolymorphism/Exercises/ExercisesXPNinja/exercisesxpninjainheritance.py,Week2OOP/Day2OOPInheritanceEncapsulationPolymorphism/Exercises/ExercisesXPNinja/exercisesxpninjainheritance.py,True,Week2OOP/Day2OOPInheritanceEncapsulationPolymorphism/Exercises/ExercisesXPNinja/readme.md,,,80,72
Week2OOP/Day3OOPandModules/DailyChallenge/Circle,Daily Challenge – Circle Class Practice,daily-challenge-circle-class-practice,"Practice classes, objects, methods, special methods, and maintainable object-oriented design.",Week2OOP,Day3OOPandModules,Daily Challenge,,Python,2,4221,133,Week2OOP/Day3OOPandModules/DailyChallenge/Circle/circle.py,Week2OOP/Day3OOPandModules/DailyChallenge/Circle/circle.py,True,Week2OOP/Day3OOPandModules/DailyChallenge/Circle/README.md,,,80,78
Week2OOP/Day3OOPandModules/DailyChallenge/Translator,Daily challenge: Translator 🌍🗣️,daily-challenge-translator,"Practice classes, objects, methods, special methods, and maintainable object-oriented design.",Week2OOP,Day3OOPandModules,Daily Challenge,,Python,2,3402,92,Week2OOP/Day3OOPandModules/DailyChallenge/Translator/dailychallengetranslator.py,Week2OOP/Day3OOPandModules/DailyChallenge/Translator/dailychallengetranslator.py,True,Week2OOP/Day3OOPandModules/DailyChallenge/Translator/readme.md,,,80,72
Week2OOP/Day3OOPandModules/DailyChallenge/UserInfo,Daily Challenge GOLD — User Info 🧠✨,daily-challenge-gold-user-info,"Practice classes, objects, methods, special methods, and maintainable object-oriented design.",Week2OOP,Day3OOPandModules,Daily Challenge,,Python,2,3853,117,Week2OOP/Day3OOPandModules/DailyChallenge/UserInfo/dailychallengegolduserinfo.py,Week2OOP/Day3OOPandModules/DailyChallenge/UserInfo/dailychallengegolduserinfo.py,True,Week2OOP/Day3OOPandModules/DailyChallenge/UserInfo/readme.md,,Week2OOP/Day3OOPandModules/DailyChallenge/UserInfo/dailychallengegolduserinfo.py,70,57
Week2OOP/Day3OOPandModules/Exercises/ExercisesXP,Full-Stack Coding Bootcamp – OOP & Modules XP (All-In-One) ✨,full-stack-coding-bootcamp-oop-and-modules-xp-all-in-one,"Practice classes, objects, methods, special methods, and maintainable object-oriented design.",Week2OOP,Day3OOPandModules,Exercise,XP,Python,2,10973,333,Week2OOP/Day3OOPandModules/Exercises/ExercisesXP/xp_oop_modules_all.py,Week2OOP/Day3OOPandModules/Exercises/ExercisesXP/xp_oop_modules_all.py,True,Week2OOP/Day3OOPandModules/Exercises/ExercisesXP/README.md,,,80,75
Week2OOP/Day3OOPandModules/Exercises/ExercisesXPGold,Exercises XP Gold — Modules 🧠📦,exercises-xp-gold-modules,"Practice classes, objects, methods, special methods, and maintainable object-oriented design.",Week2OOP,Day3OOPandModules,Exercise,XP Gold,Python,2,6780,191,Week2OOP/Day3OOPandModules/Exercises/ExercisesXPGold/exercisesxpgoldmodules.py,Week2OOP/Day3OOPandModules/Exercises/ExercisesXPGold/exercisesxpgoldmodules.py,True,Week2OOP/Day3OOPandModules/Exercises/ExercisesXPGold/readme.md,,,80,75
Week2OOP/Day3OOPandModules/Exercises/ExercisesXPNinja,Exercises XP Ninja — Dunder Methods 🧠🪄,exercises-xp-ninja-dunder-methods,"Practice classes, objects, methods, special methods, and maintainable object-oriented design.",Week2OOP,Day3OOPandModules,Exercise,XP Ninja,Python,2,11427,334,Week2OOP/Day3OOPandModules/Exercises/ExercisesXPNinja/exercisesxpninjadunder.py,Week2OOP/Day3OOPandModules/Exercises/ExercisesXPNinja/exercisesxpninjadunder.py,True,Week2OOP/Day3OOPandModules/Exercises/ExercisesXPNinja/readme.md,,Week2OOP/Day3OOPandModules/Exercises/ExercisesXPNinja/exercisesxpninjadunder.py,70,60
Week2OOP/Day4PythonFileIOJSONandAPI/DailyChallenge/TextAnalysis,Daily Challenge — Text Analysis 📚🧠,daily-challenge-text-analysis,"Practice classes, objects, methods, special methods, and maintainable object-oriented design.",Week2OOP,Day4PythonFileIOJSONandAPI,Daily Challenge,,Python,2,7166,173,Week2OOP/Day4PythonFileIOJSONandAPI/DailyChallenge/TextAnalysis/dailychallengetextanalysis.py,Week2OOP/Day4PythonFileIOJSONandAPI/DailyChallenge/TextAnalysis/dailychallengetextanalysis.py,True,Week2OOP/Day4PythonFileIOJSONandAPI/DailyChallenge/TextAnalysis/readme.md,,Week2OOP/Day4PythonFileIOJSONandAPI/DailyChallenge/TextAnalysis/dailychallengetextanalysis.py,70,60
Week2OOP/Day4PythonFileIOJSONandAPI/Exercises/ExercisesXP,Files & JSON XP – Combined Solutions ✨,files-and-json-xp-combined-solutions,"Practice classes, objects, methods, special methods, and maintainable object-oriented design.",Week2OOP,Day4PythonFileIOJSONandAPI,Exercise,XP,Python,2,7143,207,Week2OOP/Day4PythonFileIOJSONandAPI/Exercises/ExercisesXP/xp_files_json_all.py,Week2OOP/Day4PythonFileIOJSONandAPI/Exercises/ExercisesXP/xp_files_json_all.py,True,Week2OOP/Day4PythonFileIOJSONandAPI/Exercises/ExercisesXP/README.md,,,80,75
Week2OOP/Day4PythonFileIOJSONandAPI/Exercises/ExercisesXPGold,Exercises XP Gold — Classes/Objects + Files + Giphy API 🤹‍♀️,exercises-xp-gold-classesobjects-files-giphy-api,"Practice classes, objects, methods, special methods, and maintainable object-oriented design.",Week2OOP,Day4PythonFileIOJSONandAPI,Exercise,XP Gold,JSON | Python,5,11721,335,Week2OOP/Day4PythonFileIOJSONandAPI/Exercises/ExercisesXPGold/giphyexercises.py | Week2OOP/Day4PythonFileIOJSONandAPI/Exercises/ExercisesXPGold/menueditor.py | Week2OOP/Day4PythonFileIOJSONandAPI/Exercises/ExercisesXPGold/menumanager.py,Week2OOP/Day4PythonFileIOJSONandAPI/Exercises/ExercisesXPGold/giphyexercises.py | Week2OOP/Day4PythonFileIOJSONandAPI/Exercises/ExercisesXPGold/menueditor.py | Week2OOP/Day4PythonFileIOJSONandAPI/Exercises/ExercisesXPGold/menumanager.py,True,Week2OOP/Day4PythonFileIOJSONandAPI/Exercises/ExercisesXPGold/readme.md,,,80,82
Week2OOP/Day4PythonFileIOJSONandAPI/Exercises/ExercisesXPNinja,Exercises XP Ninja — OOP + RegEx 🥷,exercises-xp-ninja-oop-reg-ex,"Practice classes, objects, methods, special methods, and maintainable object-oriented design.",Week2OOP,Day4PythonFileIOJSONandAPI,Exercise,XP Ninja,JSON | Python,5,13344,395,Week2OOP/Day4PythonFileIOJSONandAPI/Exercises/ExercisesXPNinja/charactersgame.py | Week2OOP/Day4PythonFileIOJSONandAPI/Exercises/ExercisesXPNinja/ninjamenueditor.py | Week2OOP/Day4PythonFileIOJSONandAPI/Exercises/ExercisesXPNinja/ninjamenumanager.py,Week2OOP/Day4PythonFileIOJSONandAPI/Exercises/ExercisesXPNinja/charactersgame.py | Week2OOP/Day4PythonFileIOJSONandAPI/Exercises/ExercisesXPNinja/ninjamenueditor.py | Week2OOP/Day4PythonFileIOJSONandAPI/Exercises/ExercisesXPNinja/ninjamenumanager.py,True,Week2OOP/Day4PythonFileIOJSONandAPI/Exercises/ExercisesXPNinja/readme.md,,,80,85
Week2OOP/Day5MiniProject/DailyChallenge/Modules,Daily Challenge: Modules — Page Load Timer (Python),daily-challenge-modules-page-load-timer-python,"Practice classes, objects, methods, special methods, and maintainable object-oriented design.",Week2OOP,Day5MiniProject,Daily Challenge,,Python,5,10624,325,Week2OOP/Day5MiniProject/DailyChallenge/Modules/cli.py | Week2OOP/Day5MiniProject/DailyChallenge/Modules/timer.py,Week2OOP/Day5MiniProject/DailyChallenge/Modules/cli.py,True,Week2OOP/Day5MiniProject/DailyChallenge/Modules/README.md,Week2OOP/Day5MiniProject/DailyChallenge/Modules/tests/test_timer.py,Week2OOP/Day5MiniProject/DailyChallenge/Modules/tests/test_timer.py,90,85
Week2OOP/Day5MiniProject/DailyChallenge/OOPQuizz,Daily Challenge: OOP Quizz + 🃏 Deck of Cards (Minimal Solution),daily-challenge-oop-quizz-deck-of-cards-minimal-solution,"Practice classes, objects, methods, special methods, and maintainable object-oriented design.",Week2OOP,Day5MiniProject,Daily Challenge,,Python,3,5012,171,Week2OOP/Day5MiniProject/DailyChallenge/OOPQuizz/deck.py | Week2OOP/Day5MiniProject/DailyChallenge/OOPQuizz/demo.py,Week2OOP/Day5MiniProject/DailyChallenge/OOPQuizz/deck.py | Week2OOP/Day5MiniProject/DailyChallenge/OOPQuizz/demo.py,True,Week2OOP/Day5MiniProject/DailyChallenge/OOPQuizz/README.md,,,80,85
Week2OOP/Day5MiniProject/Exercises/AnagramChecker,Mini‑project — Anagram checker 🧠🔤,miniproject-anagram-checker,"Practice classes, objects, methods, special methods, and maintainable object-oriented design.",Week2OOP,Day5MiniProject,Mini Project,,Python,4,6722,215,Week2OOP/Day5MiniProject/Exercises/AnagramChecker/anagramchecker.py | Week2OOP/Day5MiniProject/Exercises/AnagramChecker/anagrams.py,Week2OOP/Day5MiniProject/Exercises/AnagramChecker/anagramchecker.py | Week2OOP/Day5MiniProject/Exercises/AnagramChecker/anagrams.py,True,Week2OOP/Day5MiniProject/Exercises/AnagramChecker/readme.md,,,80,85
Week2OOP/Day5MiniProject/Exercises/RockPaperScissors,Mini Project — Rock Paper Scissors 🎮🪨📄✂️,mini-project-rock-paper-scissors,"Practice classes, objects, methods, special methods, and maintainable object-oriented design.",Week2OOP,Day5MiniProject,Mini Project,,Python,3,5010,152,Week2OOP/Day5MiniProject/Exercises/RockPaperScissors/game.py | Week2OOP/Day5MiniProject/Exercises/RockPaperScissors/rockpaperscissors.py,Week2OOP/Day5MiniProject/Exercises/RockPaperScissors/game.py | Week2OOP/Day5MiniProject/Exercises/RockPaperScissors/rockpaperscissors.py,True,Week2OOP/Day5MiniProject/Exercises/RockPaperScissors/readme.md,,,80,82
Week2OOP/Day5MiniProject/Exercises/WeatherApp,Mini Project — Weather App 🌦️,mini-project-weather-app,"Practice classes, objects, methods, special methods, and maintainable object-oriented design.",Week2OOP,Day5MiniProject,Mini Project,,Python,3,14170,386,Week2OOP/Day5MiniProject/Exercises/WeatherApp/weatherapp.py | Week2OOP/Day5MiniProject/Exercises/WeatherApp/weathergui.py,Week2OOP/Day5MiniProject/Exercises/WeatherApp/weatherapp.py | Week2OOP/Day5MiniProject/Exercises/WeatherApp/weathergui.py,True,Week2OOP/Day5MiniProject/Exercises/WeatherApp/readme.md,,,80,82
Week2OOP/RemoteLearningOOP/DailyChallenge/AirManagement,Daily Challenge: Air Management — OOP + `datetime`,daily-challenge-air-management-oop-datetime,"Practice classes, objects, methods, special methods, and maintainable object-oriented design.",Week2OOP,RemoteLearningOOP,Daily Challenge,,Python,2,9564,262,Week2OOP/RemoteLearningOOP/DailyChallenge/AirManagement/air_management.py,Week2OOP/RemoteLearningOOP/DailyChallenge/AirManagement/air_management.py,True,Week2OOP/RemoteLearningOOP/DailyChallenge/AirManagement/README.md,,,80,75
Week2OOP/RemoteLearningOOP/Exercises/MiniProjectVaccines,Mini Project: Vaccines — OOP Queue Manager,mini-project-vaccines-oop-queue-manager,"Practice classes, objects, methods, special methods, and maintainable object-oriented design.",Week2OOP,RemoteLearningOOP,Mini Project,,Python,2,10528,279,Week2OOP/RemoteLearningOOP/Exercises/MiniProjectVaccines/vaccines.py,Week2OOP/RemoteLearningOOP/Exercises/MiniProjectVaccines/vaccines.py,True,Week2OOP/RemoteLearningOOP/Exercises/MiniProjectVaccines/README.md,,,80,75
Week3JavaScriptandDOM/Day1IntroductiontoJavaScript/DailyChallenge/BubbleSort,Daily Challenge GOLD: Bubble Sort,daily-challenge-gold-bubble-sort,"Create accessible browser interactions using DOM selection, events, forms, and state updates.",Week3JavaScriptandDOM,Day1IntroductiontoJavaScript,Daily Challenge,,JavaScript,2,3296,108,Week3JavaScriptandDOM/Day1IntroductiontoJavaScript/DailyChallenge/BubbleSort/index.js,Week3JavaScriptandDOM/Day1IntroductiontoJavaScript/DailyChallenge/BubbleSort/index.js,True,Week3JavaScriptandDOM/Day1IntroductiontoJavaScript/DailyChallenge/BubbleSort/README.md,,,80,78
Week3JavaScriptandDOM/Day1IntroductiontoJavaScript/DailyChallenge/DailyChallengeNotBad,Daily Challenge Not Bad,daily-challenge-not-bad,"Create accessible browser interactions using DOM selection, events, forms, and state updates.",Week3JavaScriptandDOM,Day1IntroductiontoJavaScript,Daily Challenge,,HTML | JavaScript,3,3139,94,Week3JavaScriptandDOM/Day1IntroductiontoJavaScript/DailyChallenge/DailyChallengeNotBad/index.html | Week3JavaScriptandDOM/Day1IntroductiontoJavaScript/DailyChallenge/DailyChallengeNotBad/script.js,Week3JavaScriptandDOM/Day1IntroductiontoJavaScript/DailyChallenge/DailyChallengeNotBad/index.html,False,,,,65,62
Week3JavaScriptandDOM/Day1IntroductiontoJavaScript/DailyChallenge/DailyChallengeStars,Daily Challenge Stars,daily-challenge-stars,"Create accessible browser interactions using DOM selection, events, forms, and state updates.",Week3JavaScriptandDOM,Day1IntroductiontoJavaScript,Daily Challenge,,HTML | JavaScript,3,2819,114,Week3JavaScriptandDOM/Day1IntroductiontoJavaScript/DailyChallenge/DailyChallengeStars/index.html | Week3JavaScriptandDOM/Day1IntroductiontoJavaScript/DailyChallenge/DailyChallengeStars/script.js,Week3JavaScriptandDOM/Day1IntroductiontoJavaScript/DailyChallenge/DailyChallengeStars/index.html,False,,,,65,62
Week3JavaScriptandDOM/Day1IntroductiontoJavaScript/Exercises/ExercisesXP,Day1 Introductionto Java Script — Exercises XP,day1-introductionto-java-script-exercises-xp,"Create accessible browser interactions using DOM selection, events, forms, and state updates.",Week3JavaScriptandDOM,Day1IntroductiontoJavaScript,Exercise,XP,HTML | JavaScript,3,7402,284,Week3JavaScriptandDOM/Day1IntroductiontoJavaScript/Exercises/ExercisesXP/index.html | Week3JavaScriptandDOM/Day1IntroductiontoJavaScript/Exercises/ExercisesXP/script.js,Week3JavaScriptandDOM/Day1IntroductiontoJavaScript/Exercises/ExercisesXP/index.html,False,,,,65,65
Week3JavaScriptandDOM/Day1IntroductiontoJavaScript/Exercises/ExercisesXPGold,Day1 Introductionto Java Script — Exercises XP Gold,day1-introductionto-java-script-exercises-xp-gold,"Create accessible browser interactions using DOM selection, events, forms, and state updates.",Week3JavaScriptandDOM,Day1IntroductiontoJavaScript,Exercise,XP Gold,HTML | JavaScript,3,4483,149,Week3JavaScriptandDOM/Day1IntroductiontoJavaScript/Exercises/ExercisesXPGold/index.html | Week3JavaScriptandDOM/Day1IntroductiontoJavaScript/Exercises/ExercisesXPGold/script.js,Week3JavaScriptandDOM/Day1IntroductiontoJavaScript/Exercises/ExercisesXPGold/index.html,False,,,,65,62
Week3JavaScriptandDOM/Day1IntroductiontoJavaScript/Exercises/ExercisesXPNinja,Exercises XP Ninja — JS Basics,exercises-xp-ninja-js-basics,"Create accessible browser interactions using DOM selection, events, forms, and state updates.",Week3JavaScriptandDOM,Day1IntroductiontoJavaScript,Exercise,XP Ninja,JavaScript,2,4908,178,Week3JavaScriptandDOM/Day1IntroductiontoJavaScript/Exercises/ExercisesXPNinja/index.js,Week3JavaScriptandDOM/Day1IntroductiontoJavaScript/Exercises/ExercisesXPNinja/index.js,True,Week3JavaScriptandDOM/Day1IntroductiontoJavaScript/Exercises/ExercisesXPNinja/README.md,,,80,75
Week3JavaScriptandDOM/Day2FunctionsandDOMIntroduction/DailyChallenge/DailyChallengePlanets,Daily Challenge Planets,daily-challenge-planets,"Design reusable functions with clear parameters, return values, validation, and scope.",Week3JavaScriptandDOM,Day2FunctionsandDOMIntroduction,Daily Challenge,,HTML | JavaScript,3,4030,123,Week3JavaScriptandDOM/Day2FunctionsandDOMIntroduction/DailyChallenge/DailyChallengePlanets/planets.html | Week3JavaScriptandDOM/Day2FunctionsandDOMIntroduction/DailyChallenge/DailyChallengePlanets/planets.js,Week3JavaScriptandDOM/Day2FunctionsandDOMIntroduction/DailyChallenge/DailyChallengePlanets/planets.html,False,,,,65,62
Week3JavaScriptandDOM/Day2FunctionsandDOMIntroduction/DailyChallenge/WordsInTheStars,Daily Challenge: Words in the Stars,daily-challenge-words-in-the-stars,"Design reusable functions with clear parameters, return values, validation, and scope.",Week3JavaScriptandDOM,Day2FunctionsandDOMIntroduction,Daily Challenge,,JavaScript,2,3873,149,Week3JavaScriptandDOM/Day2FunctionsandDOMIntroduction/DailyChallenge/WordsInTheStars/index.js,Week3JavaScriptandDOM/Day2FunctionsandDOMIntroduction/DailyChallenge/WordsInTheStars/index.js,True,Week3JavaScriptandDOM/Day2FunctionsandDOMIntroduction/DailyChallenge/WordsInTheStars/README.md,,,80,75
Week3JavaScriptandDOM/Day2FunctionsandDOMIntroduction/Exercises/ExercisesXP,"Exercises XP — JavaScript (Functions, DOM, Loops)",exercises-xp-java-script-functions-dom-loops,"Design reusable functions with clear parameters, return values, validation, and scope.",Week3JavaScriptandDOM,Day2FunctionsandDOMIntroduction,Exercise,XP,HTML | JavaScript,3,14526,440,Week3JavaScriptandDOM/Day2FunctionsandDOMIntroduction/Exercises/ExercisesXP/index.html | Week3JavaScriptandDOM/Day2FunctionsandDOMIntroduction/Exercises/ExercisesXP/script.js,Week3JavaScriptandDOM/Day2FunctionsandDOMIntroduction/Exercises/ExercisesXP/index.html,True,Week3JavaScriptandDOM/Day2FunctionsandDOMIntroduction/Exercises/ExercisesXP/README.md,,,80,85
Week3JavaScriptandDOM/Day2FunctionsandDOMIntroduction/Exercises/ExercisesXPGold,Exercises XP Gold,exercises-xp-gold,"Design reusable functions with clear parameters, return values, validation, and scope.",Week3JavaScriptandDOM,Day2FunctionsandDOMIntroduction,Exercise,XP Gold,HTML | JavaScript,3,3831,155,Week3JavaScriptandDOM/Day2FunctionsandDOMIntroduction/Exercises/ExercisesXPGold/index.html | Week3JavaScriptandDOM/Day2FunctionsandDOMIntroduction/Exercises/ExercisesXPGold/index.js,Week3JavaScriptandDOM/Day2FunctionsandDOMIntroduction/Exercises/ExercisesXPGold/index.html | Week3JavaScriptandDOM/Day2FunctionsandDOMIntroduction/Exercises/ExercisesXPGold/index.js,True,Week3JavaScriptandDOM/Day2FunctionsandDOMIntroduction/Exercises/ExercisesXPGold/README.md,,,80,85
Week3JavaScriptandDOM/Day2FunctionsandDOMIntroduction/Exercises/ExercisesXPNinja,Exercises XP Ninja,exercises-xp-ninja,"Design reusable functions with clear parameters, return values, validation, and scope.",Week3JavaScriptandDOM,Day2FunctionsandDOMIntroduction,Exercise,XP Ninja,HTML | JavaScript,3,7806,244,Week3JavaScriptandDOM/Day2FunctionsandDOMIntroduction/Exercises/ExercisesXPNinja/index.html | Week3JavaScriptandDOM/Day2FunctionsandDOMIntroduction/Exercises/ExercisesXPNinja/index.js,Week3JavaScriptandDOM/Day2FunctionsandDOMIntroduction/Exercises/ExercisesXPNinja/index.html | Week3JavaScriptandDOM/Day2FunctionsandDOMIntroduction/Exercises/ExercisesXPNinja/index.js,True,Week3JavaScriptandDOM/Day2FunctionsandDOMIntroduction/Exercises/ExercisesXPNinja/README.md,,,80,82
Week3JavaScriptandDOM/Day3LearningDOMEvents/DailyChallenge/Letters,Daily Challenge: Letters ✍️,daily-challenge-letters,"Create accessible browser interactions using DOM selection, events, forms, and state updates.",Week3JavaScriptandDOM,Day3LearningDOMEvents,Daily Challenge,,HTML | JavaScript,3,4218,114,Week3JavaScriptandDOM/Day3LearningDOMEvents/DailyChallenge/Letters/index.html | Week3JavaScriptandDOM/Day3LearningDOMEvents/DailyChallenge/Letters/main.js,Week3JavaScriptandDOM/Day3LearningDOMEvents/DailyChallenge/Letters/index.html | Week3JavaScriptandDOM/Day3LearningDOMEvents/DailyChallenge/Letters/main.js,True,Week3JavaScriptandDOM/Day3LearningDOMEvents/DailyChallenge/Letters/README.md,,,80,82
Week3JavaScriptandDOM/Day3LearningDOMEvents/DailyChallenge/TellTheStory,Tell The Story,tell-the-story,"Create accessible browser interactions using DOM selection, events, forms, and state updates.",Week3JavaScriptandDOM,Day3LearningDOMEvents,Daily Challenge,,HTML | JavaScript,3,6884,174,Week3JavaScriptandDOM/Day3LearningDOMEvents/DailyChallenge/TellTheStory/index.html | Week3JavaScriptandDOM/Day3LearningDOMEvents/DailyChallenge/TellTheStory/madlibs.js,Week3JavaScriptandDOM/Day3LearningDOMEvents/DailyChallenge/TellTheStory/index.html,False,,,,65,65
Week3JavaScriptandDOM/Day3LearningDOMEvents/Exercises/ExercisesXP,Day3 Learning DOM Events — Exercises XP,day3-learning-dom-events-exercises-xp,"Create accessible browser interactions using DOM selection, events, forms, and state updates.",Week3JavaScriptandDOM,Day3LearningDOMEvents,Exercise,XP,HTML | JavaScript,3,10234,277,Week3JavaScriptandDOM/Day3LearningDOMEvents/Exercises/ExercisesXP/dom_exercises.js | Week3JavaScriptandDOM/Day3LearningDOMEvents/Exercises/ExercisesXP/index_dom_exercises.html,Week3JavaScriptandDOM/Day3LearningDOMEvents/Exercises/ExercisesXP/index_dom_exercises.html,False,,,,65,62
Week3JavaScriptandDOM/Day3LearningDOMEvents/Exercises/ExercisesXPAnimations,Exercises XP Animations,exercises-xp-animations,"Create accessible browser interactions using DOM selection, events, forms, and state updates.",Week3JavaScriptandDOM,Day3LearningDOMEvents,Exercise,,HTML | JavaScript,5,4952,158,Week3JavaScriptandDOM/Day3LearningDOMEvents/Exercises/ExercisesXPAnimations/index_move.html | Week3JavaScriptandDOM/Day3LearningDOMEvents/Exercises/ExercisesXPAnimations/index_timer.html | Week3JavaScriptandDOM/Day3LearningDOMEvents/Exercises/ExercisesXPAnimations/move.js | Week3JavaScriptandDOM/Day3LearningDOMEvents/Exercises/ExercisesXPAnimations/timer.js,Week3JavaScriptandDOM/Day3LearningDOMEvents/Exercises/ExercisesXPAnimations/index_move.html | Week3JavaScriptandDOM/Day3LearningDOMEvents/Exercises/ExercisesXPAnimations/index_timer.html,False,,,,65,65
Week3JavaScriptandDOM/Day3LearningDOMEvents/Exercises/ExercisesXPGold,Exercises XP Gold — DOM & Forms,exercises-xp-gold-dom-and-forms,"Create accessible browser interactions using DOM selection, events, forms, and state updates.",Week3JavaScriptandDOM,Day3LearningDOMEvents,Exercise,XP Gold,HTML | JavaScript,3,5618,171,Week3JavaScriptandDOM/Day3LearningDOMEvents/Exercises/ExercisesXPGold/index.html | Week3JavaScriptandDOM/Day3LearningDOMEvents/Exercises/ExercisesXPGold/index.js,Week3JavaScriptandDOM/Day3LearningDOMEvents/Exercises/ExercisesXPGold/index.html | Week3JavaScriptandDOM/Day3LearningDOMEvents/Exercises/ExercisesXPGold/index.js,True,Week3JavaScriptandDOM/Day3LearningDOMEvents/Exercises/ExercisesXPGold/README.md,,,80,85
Week3JavaScriptandDOM/Day3LearningDOMEvents/Exercises/ExercisesXPNinja,"Exercises XP Ninja — DOM, Events, Forms",exercises-xp-ninja-dom-events-forms,"Create accessible browser interactions using DOM selection, events, forms, and state updates.",Week3JavaScriptandDOM,Day3LearningDOMEvents,Exercise,XP Ninja,HTML | JavaScript,3,10186,263,Week3JavaScriptandDOM/Day3LearningDOMEvents/Exercises/ExercisesXPNinja/index.html | Week3JavaScriptandDOM/Day3LearningDOMEvents/Exercises/ExercisesXPNinja/main.js,Week3JavaScriptandDOM/Day3LearningDOMEvents/Exercises/ExercisesXPNinja/index.html | Week3JavaScriptandDOM/Day3LearningDOMEvents/Exercises/ExercisesXPNinja/main.js,True,Week3JavaScriptandDOM/Day3LearningDOMEvents/Exercises/ExercisesXPNinja/README.md,,,80,82
Week3JavaScriptandDOM/Day3LearningDOMEvents/Exercises/MiniProjectCreateaSignInForm,Mini Project Createa Sign In Form,mini-project-createa-sign-in-form,"Create accessible browser interactions using DOM selection, events, forms, and state updates.",Week3JavaScriptandDOM,Day3LearningDOMEvents,Mini Project,,CSS | HTML | JavaScript,3,10477,113,Week3JavaScriptandDOM/Day3LearningDOMEvents/Exercises/MiniProjectCreateaSignInForm/css/styles.css | Week3JavaScriptandDOM/Day3LearningDOMEvents/Exercises/MiniProjectCreateaSignInForm/index.html | Week3JavaScriptandDOM/Day3LearningDOMEvents/Exercises/MiniProjectCreateaSignInForm/js/app.js,Week3JavaScriptandDOM/Day3LearningDOMEvents/Exercises/MiniProjectCreateaSignInForm/index.html | Week3JavaScriptandDOM/Day3LearningDOMEvents/Exercises/MiniProjectCreateaSignInForm/js/app.js,False,,,,65,65
Week3JavaScriptandDOM/Day4AdvancedJavaScriptFunctions/DailyChallenge/Groceries,Groceries,groceries,"Design reusable functions with clear parameters, return values, validation, and scope.",Week3JavaScriptandDOM,Day4AdvancedJavaScriptFunctions,Daily Challenge,,HTML | JavaScript,3,5978,156,Week3JavaScriptandDOM/Day4AdvancedJavaScriptFunctions/DailyChallenge/Groceries/groceries.js | Week3JavaScriptandDOM/Day4AdvancedJavaScriptFunctions/DailyChallenge/Groceries/index.html,Week3JavaScriptandDOM/Day4AdvancedJavaScriptFunctions/DailyChallenge/Groceries/index.html,False,,,,65,65
Week3JavaScriptandDOM/Day4AdvancedJavaScriptFunctions/Exercises/ExercisesXP,Day4 Advanced Java Script Functions — Exercises XP,day4-advanced-java-script-functions-exercises-xp,"Design reusable functions with clear parameters, return values, validation, and scope.",Week3JavaScriptandDOM,Day4AdvancedJavaScriptFunctions,Exercise,XP,HTML | JavaScript,3,10487,279,Week3JavaScriptandDOM/Day4AdvancedJavaScriptFunctions/Exercises/ExercisesXP/advanced_js.js | Week3JavaScriptandDOM/Day4AdvancedJavaScriptFunctions/Exercises/ExercisesXP/index_advanced_js.html,Week3JavaScriptandDOM/Day4AdvancedJavaScriptFunctions/Exercises/ExercisesXP/index_advanced_js.html,False,,,,65,65
Week3JavaScriptandDOM/Day4AdvancedJavaScriptFunctions/Exercises/ExercisesXPGold,Exercises XP Gold — Advanced Functions,exercises-xp-gold-advanced-functions,"Design reusable functions with clear parameters, return values, validation, and scope.",Week3JavaScriptandDOM,Day4AdvancedJavaScriptFunctions,Exercise,XP Gold,JavaScript,2,2205,90,Week3JavaScriptandDOM/Day4AdvancedJavaScriptFunctions/Exercises/ExercisesXPGold/index.js,Week3JavaScriptandDOM/Day4AdvancedJavaScriptFunctions/Exercises/ExercisesXPGold/index.js,True,Week3JavaScriptandDOM/Day4AdvancedJavaScriptFunctions/Exercises/ExercisesXPGold/README.md,,,80,78
Week3JavaScriptandDOM/Day4AdvancedJavaScriptFunctions/Exercises/ExercisesXPNinja,Exercises XP Ninja — Advanced Functions: Merge Words (Currying),exercises-xp-ninja-advanced-functions-merge-words-currying,"Design reusable functions with clear parameters, return values, validation, and scope.",Week3JavaScriptandDOM,Day4AdvancedJavaScriptFunctions,Exercise,XP Ninja,JavaScript,2,1452,53,Week3JavaScriptandDOM/Day4AdvancedJavaScriptFunctions/Exercises/ExercisesXPNinja/index.js,Week3JavaScriptandDOM/Day4AdvancedJavaScriptFunctions/Exercises/ExercisesXPNinja/index.js,True,Week3JavaScriptandDOM/Day4AdvancedJavaScriptFunctions/Exercises/ExercisesXPNinja/README.md,,,80,75
Week3JavaScriptandDOM/Day5MiniProject/DailyChallenge/TodoList,Todo List,todo-list,"Create accessible browser interactions using DOM selection, events, forms, and state updates.",Week3JavaScriptandDOM,Day5MiniProject,Daily Challenge,,HTML,1,4496,99,Week3JavaScriptandDOM/Day5MiniProject/DailyChallenge/TodoList/todo_list.html,Week3JavaScriptandDOM/Day5MiniProject/DailyChallenge/TodoList/todo_list.html,False,,,,65,58
Week3JavaScriptandDOM/Day5MiniProject/Exercises/MiniProjectColoringGame,Mini Project Coloring Game,mini-project-coloring-game,"Create accessible browser interactions using DOM selection, events, forms, and state updates.",Week3JavaScriptandDOM,Day5MiniProject,Mini Project,,CSS | HTML | JavaScript,3,4743,144,Week3JavaScriptandDOM/Day5MiniProject/Exercises/MiniProjectColoringGame/index.html | Week3JavaScriptandDOM/Day5MiniProject/Exercises/MiniProjectColoringGame/script.js | Week3JavaScriptandDOM/Day5MiniProject/Exercises/MiniProjectColoringGame/styles.css,Week3JavaScriptandDOM/Day5MiniProject/Exercises/MiniProjectColoringGame/index.html,False,,,,65,65
Week3JavaScriptandDOM/Day5MiniProject/Exercises/drumset-mini,Drumset — Mini Project,drumset-mini-project,"Create accessible browser interactions using DOM selection, events, forms, and state updates.",Week3JavaScriptandDOM,Day5MiniProject,Mini Project,,CSS | HTML | JavaScript,14,1102490,231,Week3JavaScriptandDOM/Day5MiniProject/Exercises/drumset-mini/css/styles.css | Week3JavaScriptandDOM/Day5MiniProject/Exercises/drumset-mini/index.html | Week3JavaScriptandDOM/Day5MiniProject/Exercises/drumset-mini/js/app.js,Week3JavaScriptandDOM/Day5MiniProject/Exercises/drumset-mini/index.html | Week3JavaScriptandDOM/Day5MiniProject/Exercises/drumset-mini/js/app.js,True,Week3JavaScriptandDOM/Day5MiniProject/Exercises/drumset-mini/README.md,,,80,82
Week3JavaScriptandDOM/Remote LearningJSAndDOM/Exercises/ExercisesXP1/exercise1_todo,Exercise1 Todo,exercise1-todo,"Create accessible browser interactions using DOM selection, events, forms, and state updates.",Week3JavaScriptandDOM,Remote LearningJSAndDOM,Exercise,,CSS | HTML | JavaScript,3,5602,142,Week3JavaScriptandDOM/Remote LearningJSAndDOM/Exercises/ExercisesXP1/exercise1_todo/css/styles.css | Week3JavaScriptandDOM/Remote LearningJSAndDOM/Exercises/ExercisesXP1/exercise1_todo/index.html | Week3JavaScriptandDOM/Remote LearningJSAndDOM/Exercises/ExercisesXP1/exercise1_todo/js/app.js,Week3JavaScriptandDOM/Remote LearningJSAndDOM/Exercises/ExercisesXP1/exercise1_todo/index.html | Week3JavaScriptandDOM/Remote LearningJSAndDOM/Exercises/ExercisesXP1/exercise1_todo/js/app.js,False,,,,65,65
Week3JavaScriptandDOM/Remote LearningJSAndDOM/Exercises/ExercisesXP1/exercise2_color_guess,Exercise2 Color Guess,exercise2-color-guess,"Create accessible browser interactions using DOM selection, events, forms, and state updates.",Week3JavaScriptandDOM,Remote LearningJSAndDOM,Exercise,,CSS | HTML | JavaScript,3,5983,161,Week3JavaScriptandDOM/Remote LearningJSAndDOM/Exercises/ExercisesXP1/exercise2_color_guess/css/styles.css | Week3JavaScriptandDOM/Remote LearningJSAndDOM/Exercises/ExercisesXP1/exercise2_color_guess/index.html | Week3JavaScriptandDOM/Remote LearningJSAndDOM/Exercises/ExercisesXP1/exercise2_color_guess/js/app.js,Week3JavaScriptandDOM/Remote LearningJSAndDOM/Exercises/ExercisesXP1/exercise2_color_guess/index.html | Week3JavaScriptandDOM/Remote LearningJSAndDOM/Exercises/ExercisesXP1/exercise2_color_guess/js/app.js,False,,,,65,65
Week3JavaScriptandDOM/Remote LearningJSAndDOM/Exercises/ExercisesXP1/exercise3_calculator,Exercise3 Calculator,exercise3-calculator,"Create accessible browser interactions using DOM selection, events, forms, and state updates.",Week3JavaScriptandDOM,Remote LearningJSAndDOM,Exercise,,CSS | HTML | JavaScript,3,4892,156,Week3JavaScriptandDOM/Remote LearningJSAndDOM/Exercises/ExercisesXP1/exercise3_calculator/css/styles.css | Week3JavaScriptandDOM/Remote LearningJSAndDOM/Exercises/ExercisesXP1/exercise3_calculator/index.html | Week3JavaScriptandDOM/Remote LearningJSAndDOM/Exercises/ExercisesXP1/exercise3_calculator/js/app.js,Week3JavaScriptandDOM/Remote LearningJSAndDOM/Exercises/ExercisesXP1/exercise3_calculator/index.html | Week3JavaScriptandDOM/Remote LearningJSAndDOM/Exercises/ExercisesXP1/exercise3_calculator/js/app.js,False,,,,65,65
Week3JavaScriptandDOM/Remote LearningJSAndDOM/Exercises/ExercisesXP1/exercise4_whack_a_mole,Exercise4 Whack A Mole,exercise4-whack-a-mole,"Create accessible browser interactions using DOM selection, events, forms, and state updates.",Week3JavaScriptandDOM,Remote LearningJSAndDOM,Exercise,,CSS | HTML | JavaScript,3,4529,147,Week3JavaScriptandDOM/Remote LearningJSAndDOM/Exercises/ExercisesXP1/exercise4_whack_a_mole/css/styles.css | Week3JavaScriptandDOM/Remote LearningJSAndDOM/Exercises/ExercisesXP1/exercise4_whack_a_mole/index.html | Week3JavaScriptandDOM/Remote LearningJSAndDOM/Exercises/ExercisesXP1/exercise4_whack_a_mole/js/app.js,Week3JavaScriptandDOM/Remote LearningJSAndDOM/Exercises/ExercisesXP1/exercise4_whack_a_mole/index.html | Week3JavaScriptandDOM/Remote LearningJSAndDOM/Exercises/ExercisesXP1/exercise4_whack_a_mole/js/app.js,False,,,,65,65
Week3JavaScriptandDOM/Remote LearningJSAndDOM/Exercises/ExercisesXP2/exercise1_timer,Exercise1 Timer,exercise1-timer,"Create accessible browser interactions using DOM selection, events, forms, and state updates.",Week3JavaScriptandDOM,Remote LearningJSAndDOM,Exercise,,HTML | JavaScript,2,1823,75,Week3JavaScriptandDOM/Remote LearningJSAndDOM/Exercises/ExercisesXP2/exercise1_timer/index.html | Week3JavaScriptandDOM/Remote LearningJSAndDOM/Exercises/ExercisesXP2/exercise1_timer/js/app.js,Week3JavaScriptandDOM/Remote LearningJSAndDOM/Exercises/ExercisesXP2/exercise1_timer/index.html | Week3JavaScriptandDOM/Remote LearningJSAndDOM/Exercises/ExercisesXP2/exercise1_timer/js/app.js,False,,,,65,65
Week3JavaScriptandDOM/Remote LearningJSAndDOM/Exercises/ExercisesXP2/exercise2_move_box,Exercise2 Move Box,exercise2-move-box,"Create accessible browser interactions using DOM selection, events, forms, and state updates.",Week3JavaScriptandDOM,Remote LearningJSAndDOM,Exercise,,HTML | JavaScript,2,1752,74,Week3JavaScriptandDOM/Remote LearningJSAndDOM/Exercises/ExercisesXP2/exercise2_move_box/index.html | Week3JavaScriptandDOM/Remote LearningJSAndDOM/Exercises/ExercisesXP2/exercise2_move_box/js/app.js,Week3JavaScriptandDOM/Remote LearningJSAndDOM/Exercises/ExercisesXP2/exercise2_move_box/index.html | Week3JavaScriptandDOM/Remote LearningJSAndDOM/Exercises/ExercisesXP2/exercise2_move_box/js/app.js,False,,,,65,65
Week3JavaScriptandDOM/Remote LearningJSAndDOM/Exercises/ExercisesXP2/exercise3_drag_drop,Exercise3 Drag Drop,exercise3-drag-drop,"Create accessible browser interactions using DOM selection, events, forms, and state updates.",Week3JavaScriptandDOM,Remote LearningJSAndDOM,Exercise,,HTML | JavaScript,2,2854,103,Week3JavaScriptandDOM/Remote LearningJSAndDOM/Exercises/ExercisesXP2/exercise3_drag_drop/index.html | Week3JavaScriptandDOM/Remote LearningJSAndDOM/Exercises/ExercisesXP2/exercise3_drag_drop/js/app.js,Week3JavaScriptandDOM/Remote LearningJSAndDOM/Exercises/ExercisesXP2/exercise3_drag_drop/index.html | Week3JavaScriptandDOM/Remote LearningJSAndDOM/Exercises/ExercisesXP2/exercise3_drag_drop/js/app.js,False,,,,65,65
Week4AdvAsynchronousJavaScript/Day1AdvancedArrayMethods/DailyChallenge/CarInventory,Daily Challenge — Car Inventory,daily-challenge-car-inventory,"Practice asynchronous control flow, promises, error handling, and resilient user feedback.",Week4AdvAsynchronousJavaScript,Day1AdvancedArrayMethods,Daily Challenge,,HTML | JavaScript,3,6074,161,Week4AdvAsynchronousJavaScript/Day1AdvancedArrayMethods/DailyChallenge/CarInventory/index.html | Week4AdvAsynchronousJavaScript/Day1AdvancedArrayMethods/DailyChallenge/CarInventory/js/app.js,Week4AdvAsynchronousJavaScript/Day1AdvancedArrayMethods/DailyChallenge/CarInventory/index.html | Week4AdvAsynchronousJavaScript/Day1AdvancedArrayMethods/DailyChallenge/CarInventory/js/app.js,True,Week4AdvAsynchronousJavaScript/Day1AdvancedArrayMethods/DailyChallenge/CarInventory/README.md,,,80,82
Week4AdvAsynchronousJavaScript/Day1AdvancedArrayMethods/DailyChallenge/GoWildcats,GoWildcats — Daily Challenge (TypeScript) 🐾🏈,go-wildcats-daily-challenge-type-script,"Practice asynchronous control flow, promises, error handling, and resilient user feedback.",Week4AdvAsynchronousJavaScript,Day1AdvancedArrayMethods,Daily Challenge,,TypeScript,2,2669,83,Week4AdvAsynchronousJavaScript/Day1AdvancedArrayMethods/DailyChallenge/GoWildcats/GoWildcats.ts,,True,Week4AdvAsynchronousJavaScript/Day1AdvancedArrayMethods/DailyChallenge/GoWildcats/README.md,,,70,68
Week4AdvAsynchronousJavaScript/Day1AdvancedArrayMethods/Exercises/ExercisesXP,Day1 Advanced Array Methods — Exercises XP,day1-advanced-array-methods-exercises-xp,"Practice asynchronous control flow, promises, error handling, and resilient user feedback.",Week4AdvAsynchronousJavaScript,Day1AdvancedArrayMethods,Exercise,XP,HTML,1,5730,136,Week4AdvAsynchronousJavaScript/Day1AdvancedArrayMethods/Exercises/ExercisesXP/http_forms_json_exercises.html,Week4AdvAsynchronousJavaScript/Day1AdvancedArrayMethods/Exercises/ExercisesXP/http_forms_json_exercises.html,False,,,,65,58
Week4AdvAsynchronousJavaScript/Day1AdvancedArrayMethods/Exercises/ExercisesXPGold,Arrays & Destructuring — Exercises XP Gold (TypeScript) 🥇🧩,arrays-and-destructuring-exercises-xp-gold-type-script,"Practice asynchronous control flow, promises, error handling, and resilient user feedback.",Week4AdvAsynchronousJavaScript,Day1AdvancedArrayMethods,Exercise,XP Gold,TypeScript,2,6101,149,Week4AdvAsynchronousJavaScript/Day1AdvancedArrayMethods/Exercises/ExercisesXPGold/ArraysDestructuringXPGold.ts,,True,Week4AdvAsynchronousJavaScript/Day1AdvancedArrayMethods/Exercises/ExercisesXPGold/README.md,,,70,68
Week4AdvAsynchronousJavaScript/Day1AdvancedArrayMethods/Exercises/ExercisesXPGold2,Arrays Methods — Exercises XP Gold (TypeScript) 🥇🧮,arrays-methods-exercises-xp-gold-type-script,"Practice asynchronous control flow, promises, error handling, and resilient user feedback.",Week4AdvAsynchronousJavaScript,Day1AdvancedArrayMethods,Exercise,XP Gold,TypeScript,2,4016,124,Week4AdvAsynchronousJavaScript/Day1AdvancedArrayMethods/Exercises/ExercisesXPGold2/ArraysMethodsXPGold.ts,,True,Week4AdvAsynchronousJavaScript/Day1AdvancedArrayMethods/Exercises/ExercisesXPGold2/README.md,,,70,68
Week4AdvAsynchronousJavaScript/Day2AdvancedObjectMethods/DailyChallenge,Daily Challenge — Creating Objects (TypeScript) 🎬🧱,daily-challenge-creating-objects-type-script,"Practice asynchronous control flow, promises, error handling, and resilient user feedback.",Week4AdvAsynchronousJavaScript,Day2AdvancedObjectMethods,Daily Challenge,,TypeScript,2,2893,85,Week4AdvAsynchronousJavaScript/Day2AdvancedObjectMethods/DailyChallenge/VideoObjects.ts,,True,Week4AdvAsynchronousJavaScript/Day2AdvancedObjectMethods/DailyChallenge/README.md,,,70,68
Week4AdvAsynchronousJavaScript/Day2AdvancedObjectMethods/Exercises/ExercisesXP,"Objects, Destructuring & Classes — Exercises XP (TypeScript) 🧠🧩",objects-destructuring-and-classes-exercises-xp-type-script,"Practice asynchronous control flow, promises, error handling, and resilient user feedback.",Week4AdvAsynchronousJavaScript,Day2AdvancedObjectMethods,Exercise,XP,TypeScript,2,5455,167,Week4AdvAsynchronousJavaScript/Day2AdvancedObjectMethods/Exercises/ExercisesXP/ObjectsDestructuringClassesXP.ts,,True,Week4AdvAsynchronousJavaScript/Day2AdvancedObjectMethods/Exercises/ExercisesXP/README.md,,,70,68
Week4AdvAsynchronousJavaScript/Day3HTTPAndFormMethodGETAndPOST/DailyChallenge/HTMLForm,HTML Form,html-form,"Practice asynchronous control flow, promises, error handling, and resilient user feedback.",Week4AdvAsynchronousJavaScript,Day3HTTPAndFormMethodGETAndPOST,Daily Challenge,,CSS | HTML | JavaScript,3,4172,130,Week4AdvAsynchronousJavaScript/Day3HTTPAndFormMethodGETAndPOST/DailyChallenge/HTMLForm/css/styles.css | Week4AdvAsynchronousJavaScript/Day3HTTPAndFormMethodGETAndPOST/DailyChallenge/HTMLForm/index.html | Week4AdvAsynchronousJavaScript/Day3HTTPAndFormMethodGETAndPOST/DailyChallenge/HTMLForm/js/app.js,Week4AdvAsynchronousJavaScript/Day3HTTPAndFormMethodGETAndPOST/DailyChallenge/HTMLForm/index.html | Week4AdvAsynchronousJavaScript/Day3HTTPAndFormMethodGETAndPOST/DailyChallenge/HTMLForm/js/app.js,False,,,,65,65
Week4AdvAsynchronousJavaScript/Day3HTTPAndFormMethodGETAndPOST/DailyChallenge/TrueOrFalse,Daily Challenge: True or False,daily-challenge-true-or-false,"Practice asynchronous control flow, promises, error handling, and resilient user feedback.",Week4AdvAsynchronousJavaScript,Day3HTTPAndFormMethodGETAndPOST,Daily Challenge,,CSS | HTML | JavaScript,4,5985,230,Week4AdvAsynchronousJavaScript/Day3HTTPAndFormMethodGETAndPOST/DailyChallenge/TrueOrFalse/app.js | Week4AdvAsynchronousJavaScript/Day3HTTPAndFormMethodGETAndPOST/DailyChallenge/TrueOrFalse/index1.html | Week4AdvAsynchronousJavaScript/Day3HTTPAndFormMethodGETAndPOST/DailyChallenge/TrueOrFalse/style.css,Week4AdvAsynchronousJavaScript/Day3HTTPAndFormMethodGETAndPOST/DailyChallenge/TrueOrFalse/app.js,True,Week4AdvAsynchronousJavaScript/Day3HTTPAndFormMethodGETAndPOST/DailyChallenge/TrueOrFalse/README.md,,,80,85
Week4AdvAsynchronousJavaScript/Day3HTTPAndFormMethodGETAndPOST/Exercises/ExercisesXP,"Exercises XP — HTTP & Forms (GET, POST, JSON)",exercises-xp-http-and-forms-get-post-json,"Practice asynchronous control flow, promises, error handling, and resilient user feedback.",Week4AdvAsynchronousJavaScript,Day3HTTPAndFormMethodGETAndPOST,Exercise,XP,CSS | HTML | JavaScript,4,8567,283,Week4AdvAsynchronousJavaScript/Day3HTTPAndFormMethodGETAndPOST/Exercises/ExercisesXP/app.js | Week4AdvAsynchronousJavaScript/Day3HTTPAndFormMethodGETAndPOST/Exercises/ExercisesXP/index.html | Week4AdvAsynchronousJavaScript/Day3HTTPAndFormMethodGETAndPOST/Exercises/ExercisesXP/style.css,Week4AdvAsynchronousJavaScript/Day3HTTPAndFormMethodGETAndPOST/Exercises/ExercisesXP/app.js | Week4AdvAsynchronousJavaScript/Day3HTTPAndFormMethodGETAndPOST/Exercises/ExercisesXP/index.html,True,Week4AdvAsynchronousJavaScript/Day3HTTPAndFormMethodGETAndPOST/Exercises/ExercisesXP/README.md,,,80,82
Week4AdvAsynchronousJavaScript/Day3HTTPAndFormMethodGETAndPOST/Exercises/ExercisesXPGold,Exercise XP Gold — HTML Form #3 (plain),exercise-xp-gold-html-form-3-plain,"Practice asynchronous control flow, promises, error handling, and resilient user feedback.",Week4AdvAsynchronousJavaScript,Day3HTTPAndFormMethodGETAndPOST,Exercise,XP Gold,HTML,3,2539,78,Week4AdvAsynchronousJavaScript/Day3HTTPAndFormMethodGETAndPOST/Exercises/ExercisesXPGold/index.html | Week4AdvAsynchronousJavaScript/Day3HTTPAndFormMethodGETAndPOST/Exercises/ExercisesXPGold/result.html,Week4AdvAsynchronousJavaScript/Day3HTTPAndFormMethodGETAndPOST/Exercises/ExercisesXPGold/index.html,True,Week4AdvAsynchronousJavaScript/Day3HTTPAndFormMethodGETAndPOST/Exercises/ExercisesXPGold/README.md,,,80,85
Week4AdvAsynchronousJavaScript/Day3HTTPAndFormMethodGETAndPOST/Exercises/RandomQuoteGenerator,Random Quote Generator (separate files),random-quote-generator-separate-files,"Create accessible browser interactions using DOM selection, events, forms, and state updates.",Week4AdvAsynchronousJavaScript,Day3HTTPAndFormMethodGETAndPOST,Exercise,,CSS | HTML | JavaScript,4,12264,337,Week4AdvAsynchronousJavaScript/Day3HTTPAndFormMethodGETAndPOST/Exercises/RandomQuoteGenerator/css/styles.css | Week4AdvAsynchronousJavaScript/Day3HTTPAndFormMethodGETAndPOST/Exercises/RandomQuoteGenerator/index.html | Week4AdvAsynchronousJavaScript/Day3HTTPAndFormMethodGETAndPOST/Exercises/RandomQuoteGenerator/js/app.js,Week4AdvAsynchronousJavaScript/Day3HTTPAndFormMethodGETAndPOST/Exercises/RandomQuoteGenerator/index.html | Week4AdvAsynchronousJavaScript/Day3HTTPAndFormMethodGETAndPOST/Exercises/RandomQuoteGenerator/js/app.js,True,Week4AdvAsynchronousJavaScript/Day3HTTPAndFormMethodGETAndPOST/Exercises/RandomQuoteGenerator/README.md,,,80,85
Week4AdvAsynchronousJavaScript/Day4AsynchronousJavaScript/DailyChallenge/PlayWithWords,Daily Challenges — Promises & Morse,daily-challenges-promises-and-morse,"Practice asynchronous control flow, promises, error handling, and resilient user feedback.",Week4AdvAsynchronousJavaScript,Day4AsynchronousJavaScript,Daily Challenge,,HTML | JavaScript,3,9156,265,Week4AdvAsynchronousJavaScript/Day4AsynchronousJavaScript/DailyChallenge/PlayWithWords/daily_promises_morse.js | Week4AdvAsynchronousJavaScript/Day4AsynchronousJavaScript/DailyChallenge/PlayWithWords/index_daily_challenges.html,Week4AdvAsynchronousJavaScript/Day4AsynchronousJavaScript/DailyChallenge/PlayWithWords/index_daily_challenges.html,True,Week4AdvAsynchronousJavaScript/Day4AsynchronousJavaScript/DailyChallenge/PlayWithWords/README.md,,,80,85
Week4AdvAsynchronousJavaScript/Day4AsynchronousJavaScript/Exercises/ExercisesXP,Exercises XP — Promises,exercises-xp-promises,"Practice asynchronous control flow, promises, error handling, and resilient user feedback.",Week4AdvAsynchronousJavaScript,Day4AsynchronousJavaScript,Exercise,XP,HTML | JavaScript,3,4854,145,Week4AdvAsynchronousJavaScript/Day4AsynchronousJavaScript/Exercises/ExercisesXP/index_promises.html | Week4AdvAsynchronousJavaScript/Day4AsynchronousJavaScript/Exercises/ExercisesXP/promises.js,Week4AdvAsynchronousJavaScript/Day4AsynchronousJavaScript/Exercises/ExercisesXP/index_promises.html,True,Week4AdvAsynchronousJavaScript/Day4AsynchronousJavaScript/Exercises/ExercisesXP/README.md,,,80,85
Week4AdvAsynchronousJavaScript/Day5Fetch&AsyncAwait/Exercises/ExercisesXP,Exercises XP — Fetch API & Async/Await (separate files),exercises-xp-fetch-api-and-asyncawait-separate-files,"Practice asynchronous control flow, promises, error handling, and resilient user feedback.",Week4AdvAsynchronousJavaScript,Day5Fetch&AsyncAwait,Exercise,XP,CSS | HTML | JavaScript,4,7173,206,Week4AdvAsynchronousJavaScript/Day5Fetch&AsyncAwait/Exercises/ExercisesXP/css/styles.css | Week4AdvAsynchronousJavaScript/Day5Fetch&AsyncAwait/Exercises/ExercisesXP/index.html | Week4AdvAsynchronousJavaScript/Day5Fetch&AsyncAwait/Exercises/ExercisesXP/js/app.js,Week4AdvAsynchronousJavaScript/Day5Fetch&AsyncAwait/Exercises/ExercisesXP/index.html | Week4AdvAsynchronousJavaScript/Day5Fetch&AsyncAwait/Exercises/ExercisesXP/js/app.js,True,Week4AdvAsynchronousJavaScript/Day5Fetch&AsyncAwait/Exercises/ExercisesXP/README.md,,,80,85
Week5MiniProjectAndTypeScript/Day1Miniproject/DailyChallange/CurrencyConverter,Currency Converter,currency-converter,Fetch all supported currency codes and names,Week5MiniProjectAndTypeScript,Day1Miniproject,Daily Challenge,,HTML,2,24608,848,Week5MiniProjectAndTypeScript/Day1Miniproject/DailyChallange/CurrencyConverter/index.html,Week5MiniProjectAndTypeScript/Day1Miniproject/DailyChallange/CurrencyConverter/index.html,True,Week5MiniProjectAndTypeScript/Day1Miniproject/DailyChallange/CurrencyConverter/README.md,,,80,72
Week5MiniProjectAndTypeScript/Day1Miniproject/Exercises/Pokedex,Pokédex App,pokdex-app,"Use TypeScript types, interfaces, unions, guards, and classes to model safer domain logic.",Week5MiniProjectAndTypeScript,Day1Miniproject,Mini Project,,HTML,2,26732,931,Week5MiniProjectAndTypeScript/Day1Miniproject/Exercises/Pokedex/index.html,Week5MiniProjectAndTypeScript/Day1Miniproject/Exercises/Pokedex/index.html,True,Week5MiniProjectAndTypeScript/Day1Miniproject/Exercises/Pokedex/README.md,,,80,72
Week5MiniProjectAndTypeScript/Day1Miniproject/StarWarsWebApp,Star Wars Character Finder,star-wars-character-finder,"Use TypeScript types, interfaces, unions, guards, and classes to model safer domain logic.",Week5MiniProjectAndTypeScript,Day1Miniproject,Mini Project,,HTML,2,15982,530,Week5MiniProjectAndTypeScript/Day1Miniproject/StarWarsWebApp/index.html,Week5MiniProjectAndTypeScript/Day1Miniproject/StarWarsWebApp/index.html,True,Week5MiniProjectAndTypeScript/Day1Miniproject/StarWarsWebApp/README.md,,,80,75
Week5MiniProjectAndTypeScript/Day2IntroductionToTypeScriptAndKeyConcepts/DailyChallenge/UnionTypeValidator,Union Type Validator,union-type-validator,"Use TypeScript types, interfaces, unions, guards, and classes to model safer domain logic.",Week5MiniProjectAndTypeScript,Day2IntroductionToTypeScriptAndKeyConcepts,Daily Challenge,,JSON | TypeScript,5,17313,595,Week5MiniProjectAndTypeScript/Day2IntroductionToTypeScriptAndKeyConcepts/DailyChallenge/UnionTypeValidator/src/index.ts,Week5MiniProjectAndTypeScript/Day2IntroductionToTypeScriptAndKeyConcepts/DailyChallenge/UnionTypeValidator/src/index.ts,True,Week5MiniProjectAndTypeScript/Day2IntroductionToTypeScriptAndKeyConcepts/DailyChallenge/UnionTypeValidator/README.md,,,80,72
Week5MiniProjectAndTypeScript/Day2IntroductionToTypeScriptAndKeyConcepts/Exercises/ExercisesXP,ExercisesXP Basics — TypeScript (Single File),exercises-xp-basics-type-script-single-file,"Use TypeScript types, interfaces, unions, guards, and classes to model safer domain logic.",Week5MiniProjectAndTypeScript,Day2IntroductionToTypeScriptAndKeyConcepts,Mini Project,XP,TypeScript,2,5059,156,Week5MiniProjectAndTypeScript/Day2IntroductionToTypeScriptAndKeyConcepts/Exercises/ExercisesXP/ExercisesXP_Basics.ts,,True,Week5MiniProjectAndTypeScript/Day2IntroductionToTypeScriptAndKeyConcepts/Exercises/ExercisesXP/README.md,,,70,68
Week5MiniProjectAndTypeScript/Day3AdvancedTypeScriptConceptsAndApplications/DailyChallenge,LibrarySystem — TypeScript Daily Challenge,library-system-type-script-daily-challenge,"Use TypeScript types, interfaces, unions, guards, and classes to model safer domain logic.",Week5MiniProjectAndTypeScript,Day3AdvancedTypeScriptConceptsAndApplications,Daily Challenge,,TypeScript,2,3744,124,Week5MiniProjectAndTypeScript/Day3AdvancedTypeScriptConceptsAndApplications/DailyChallenge/LibrarySystem.ts,,True,Week5MiniProjectAndTypeScript/Day3AdvancedTypeScriptConceptsAndApplications/DailyChallenge/README.md,,,70,68
Week5MiniProjectAndTypeScript/Day3AdvancedTypeScriptConceptsAndApplications/Exercises/ExercisesXP,ExercisesXP OOP — TypeScript (Single File),exercises-xp-oop-type-script-single-file,"Use TypeScript types, interfaces, unions, guards, and classes to model safer domain logic.",Week5MiniProjectAndTypeScript,Day3AdvancedTypeScriptConceptsAndApplications,Mini Project,XP,TypeScript,2,4730,163,Week5MiniProjectAndTypeScript/Day3AdvancedTypeScriptConceptsAndApplications/Exercises/ExercisesXP/ExercisesXP_OOP.ts,,True,Week5MiniProjectAndTypeScript/Day3AdvancedTypeScriptConceptsAndApplications/Exercises/ExercisesXP/README.md,,,70,68
Week5MiniProjectAndTypeScript/Day4AdvancedTypeScriptConceptsAndApplications/DailyChallenge,TypeGuardUnion — Daily Challenge: Type Guard with Union Types,type-guard-union-daily-challenge-type-guard-with-union-types,"Use TypeScript types, interfaces, unions, guards, and classes to model safer domain logic.",Week5MiniProjectAndTypeScript,Day4AdvancedTypeScriptConceptsAndApplications,Daily Challenge,,TypeScript,3,3146,110,Week5MiniProjectAndTypeScript/Day4AdvancedTypeScriptConceptsAndApplications/DailyChallenge/TypeGuardUnion.ts,,True,Week5MiniProjectAndTypeScript/Day4AdvancedTypeScriptConceptsAndApplications/DailyChallenge/README.md,,,70,68
Week5MiniProjectAndTypeScript/Day4AdvancedTypeScriptConceptsAndApplications/Exercises/ExercisesXP,ExercisesXP — Advanced TypeScript (Single File),exercises-xp-advanced-type-script-single-file,"Use TypeScript types, interfaces, unions, guards, and classes to model safer domain logic.",Week5MiniProjectAndTypeScript,Day4AdvancedTypeScriptConceptsAndApplications,Mini Project,XP,TypeScript,3,4045,128,Week5MiniProjectAndTypeScript/Day4AdvancedTypeScriptConceptsAndApplications/Exercises/ExercisesXP/ExercisesXP.ts,,True,Week5MiniProjectAndTypeScript/Day4AdvancedTypeScriptConceptsAndApplications/Exercises/ExercisesXP/README.md,,,70,68
Week5MiniProjectAndTypeScript/Day4AdvancedTypeScriptConceptsAndApplications/Exercises/ExercisesXPGold,ExercisesXPGold — Advanced TypeScript (Single File),exercises-xp-gold-advanced-type-script-single-file,"Use TypeScript types, interfaces, unions, guards, and classes to model safer domain logic.",Week5MiniProjectAndTypeScript,Day4AdvancedTypeScriptConceptsAndApplications,Mini Project,XP Gold,TypeScript,3,5254,192,Week5MiniProjectAndTypeScript/Day4AdvancedTypeScriptConceptsAndApplications/Exercises/ExercisesXPGold/ExercisesXPGold.ts,,True,Week5MiniProjectAndTypeScript/Day4AdvancedTypeScriptConceptsAndApplications/Exercises/ExercisesXPGold/README.md,,,70,68
Week6DatabasesAndNodejs/Day1IntroductionToDatabases/Exercises/ExercisesXP,DI — Databases XP: Items & Customers (PostgreSQL),di-databases-xp-items-and-customers-postgre-sql,"Practice relational modeling, joins, constraints, CRUD operations, and PostgreSQL queries.",Week6DatabasesAndNodejs,Day1IntroductionToDatabases,Exercise,XP,SQL,4,5889,173,Week6DatabasesAndNodejs/Day1IntroductionToDatabases/Exercises/ExercisesXP/items_customers.sql,Week6DatabasesAndNodejs/Day1IntroductionToDatabases/Exercises/ExercisesXP/items_customers.sql,True,Week6DatabasesAndNodejs/Day1IntroductionToDatabases/Exercises/ExercisesXP/README.md,,,80,75
Week6DatabasesAndNodejs/Day1IntroductionToDatabases/Exercises/ExercisesXP+,DI — Databases XP+ : Students (PostgreSQL),di-databases-xp-students-postgre-sql,"Practice relational modeling, joins, constraints, CRUD operations, and PostgreSQL queries.",Week6DatabasesAndNodejs,Day1IntroductionToDatabases,Exercise,XP Plus,SQL,3,4978,134,Week6DatabasesAndNodejs/Day1IntroductionToDatabases/Exercises/ExercisesXP+/exercisesxpplus.sql,Week6DatabasesAndNodejs/Day1IntroductionToDatabases/Exercises/ExercisesXP+/exercisesxpplus.sql,True,Week6DatabasesAndNodejs/Day1IntroductionToDatabases/Exercises/ExercisesXP+/README.md,,,80,78
Week6DatabasesAndNodejs/Day1IntroductionToDatabases/Exercises/ExercisesXPGold,Day1 Introduction To Databases — Exercises XP Gold,day1-introduction-to-databases-exercises-xp-gold,"Practice relational modeling, joins, constraints, CRUD operations, and PostgreSQL queries.",Week6DatabasesAndNodejs,Day1IntroductionToDatabases,Exercise,XP Gold,SQL,2,1790,48,Week6DatabasesAndNodejs/Day1IntroductionToDatabases/Exercises/ExercisesXPGold/exercisesxpgold.sql,Week6DatabasesAndNodejs/Day1IntroductionToDatabases/Exercises/ExercisesXPGold/exercisesxpgold.sql,False,,,,65,55
Week6DatabasesAndNodejs/Day2DatabaseConcepts1/Exercises/ExercisesXP,"Exercises XP — SQL Answers (PostgreSQL, pgAdmin / psql)",exercises-xp-sql-answers-postgre-sql-pg-admin-psql,"Practice relational modeling, joins, constraints, CRUD operations, and PostgreSQL queries.",Week6DatabasesAndNodejs,Day2DatabaseConcepts1,Exercise,XP,SQL,2,5111,156,Week6DatabasesAndNodejs/Day2DatabaseConcepts1/Exercises/ExercisesXP/xp_sql_answers.sql,Week6DatabasesAndNodejs/Day2DatabaseConcepts1/Exercises/ExercisesXP/xp_sql_answers.sql,True,Week6DatabasesAndNodejs/Day2DatabaseConcepts1/Exercises/ExercisesXP/README.md,,,80,78
Week6DatabasesAndNodejs/Day3DatabaseConcepts2/Exercises/ExercicesXPGold,Exercises XP Gold — dvdrental (Relationships & Requests),exercises-xp-gold-dvdrental-relationships-and-requests,"Practice relational modeling, joins, constraints, CRUD operations, and PostgreSQL queries.",Week6DatabasesAndNodejs,Day3DatabaseConcepts2,Exercise,XP Gold,SQL,2,7507,189,Week6DatabasesAndNodejs/Day3DatabaseConcepts2/Exercises/ExercicesXPGold/xp_gold_dvdrental.sql,Week6DatabasesAndNodejs/Day3DatabaseConcepts2/Exercises/ExercicesXPGold/xp_gold_dvdrental.sql,True,Week6DatabasesAndNodejs/Day3DatabaseConcepts2/Exercises/ExercicesXPGold/README.md,,,80,78
Week6DatabasesAndNodejs/Day3DatabaseConcepts2/Exercises/ExercisesXP,Exercises XP — dvdrental Relationships & Queries (PostgreSQL),exercises-xp-dvdrental-relationships-and-queries-postgre-sql,"Practice relational modeling, joins, constraints, CRUD operations, and PostgreSQL queries.",Week6DatabasesAndNodejs,Day3DatabaseConcepts2,Exercise,XP,SQL,2,6837,175,Week6DatabasesAndNodejs/Day3DatabaseConcepts2/Exercises/ExercisesXP/xp_dvdrental_relationships.sql,Week6DatabasesAndNodejs/Day3DatabaseConcepts2/Exercises/ExercisesXP/xp_dvdrental_relationships.sql,True,Week6DatabasesAndNodejs/Day3DatabaseConcepts2/Exercises/ExercisesXP/README.md,,,80,78
Week6DatabasesAndNodejs/Day4NodejsIntroduction/DailyChallenge/NodejsAppAndNPM,"Daily Challenge — Node.js Modules, NPM & Files",daily-challenge-nodejs-modules-npm-and-files,"Practice relational modeling, joins, constraints, CRUD operations, and PostgreSQL queries.",Week6DatabasesAndNodejs,Day4NodejsIntroduction,Daily Challenge,,JSON | JavaScript,11,3692,139,Week6DatabasesAndNodejs/Day4NodejsIntroduction/DailyChallenge/NodejsAppAndNPM/challenge.js | Week6DatabasesAndNodejs/Day4NodejsIntroduction/DailyChallenge/NodejsAppAndNPM/colorful-message.js | Week6DatabasesAndNodejs/Day4NodejsIntroduction/DailyChallenge/NodejsAppAndNPM/greeting.js | Week6DatabasesAndNodejs/Day4NodejsIntroduction/DailyChallenge/NodejsAppAndNPM/read-file.js | Week6DatabasesAndNodejs/Day4NodejsIntroduction/DailyChallenge/NodejsAppAndNPM/task-1/app.js | Week6DatabasesAndNodejs/Day4NodejsIntroduction/DailyChallenge/NodejsAppAndNPM/task-2/app.js | Week6DatabasesAndNodejs/Day4NodejsIntroduction/DailyChallenge/NodejsAppAndNPM/task-3/app.js,Week6DatabasesAndNodejs/Day4NodejsIntroduction/DailyChallenge/NodejsAppAndNPM/task-1/app.js | Week6DatabasesAndNodejs/Day4NodejsIntroduction/DailyChallenge/NodejsAppAndNPM/task-2/app.js | Week6DatabasesAndNodejs/Day4NodejsIntroduction/DailyChallenge/NodejsAppAndNPM/task-3/app.js,True,Week6DatabasesAndNodejs/Day4NodejsIntroduction/DailyChallenge/NodejsAppAndNPM/README.md,,,80,85
Week6DatabasesAndNodejs/Day4NodejsIntroduction/Exercises/ExercisesXP/exercise-1-commonjs-products,Exercise 1 Commonjs Products,exercise-1-commonjs-products,"Practice relational modeling, joins, constraints, CRUD operations, and PostgreSQL queries.",Week6DatabasesAndNodejs,Day4NodejsIntroduction,Exercise,XP,JSON | JavaScript,3,2137,68,Week6DatabasesAndNodejs/Day4NodejsIntroduction/Exercises/ExercisesXP/exercise-1-commonjs-products/products.js | Week6DatabasesAndNodejs/Day4NodejsIntroduction/Exercises/ExercisesXP/exercise-1-commonjs-products/shop.js,,False,,,,55,55
Week6DatabasesAndNodejs/Day4NodejsIntroduction/Exercises/ExercisesXP/exercise-2-esm-average-age,Exercise 2 Esm Average Age,exercise-2-esm-average-age,"Practice relational modeling, joins, constraints, CRUD operations, and PostgreSQL queries.",Week6DatabasesAndNodejs,Day4NodejsIntroduction,Exercise,XP,JSON | JavaScript,3,1475,50,Week6DatabasesAndNodejs/Day4NodejsIntroduction/Exercises/ExercisesXP/exercise-2-esm-average-age/app.js | Week6DatabasesAndNodejs/Day4NodejsIntroduction/Exercises/ExercisesXP/exercise-2-esm-average-age/data.js,Week6DatabasesAndNodejs/Day4NodejsIntroduction/Exercises/ExercisesXP/exercise-2-esm-average-age/app.js,False,,,,65,65
Week6DatabasesAndNodejs/Day4NodejsIntroduction/Exercises/ExercisesXP/exercise-3-file-manager-commonjs,Exercise 3 File Manager Commonjs,exercise-3-file-manager-commonjs,"Practice relational modeling, joins, constraints, CRUD operations, and PostgreSQL queries.",Week6DatabasesAndNodejs,Day4NodejsIntroduction,Exercise,XP,JSON | JavaScript,5,1998,68,Week6DatabasesAndNodejs/Day4NodejsIntroduction/Exercises/ExercisesXP/exercise-3-file-manager-commonjs/app.js | Week6DatabasesAndNodejs/Day4NodejsIntroduction/Exercises/ExercisesXP/exercise-3-file-manager-commonjs/fileManager.js,Week6DatabasesAndNodejs/Day4NodejsIntroduction/Exercises/ExercisesXP/exercise-3-file-manager-commonjs/app.js,False,,,,65,65
Week6DatabasesAndNodejs/Day4NodejsIntroduction/Exercises/ExercisesXP/exercise-4-esm-todo,Exercise 4 Esm Todo,exercise-4-esm-todo,"Practice relational modeling, joins, constraints, CRUD operations, and PostgreSQL queries.",Week6DatabasesAndNodejs,Day4NodejsIntroduction,Exercise,XP,JSON | JavaScript,3,1854,85,Week6DatabasesAndNodejs/Day4NodejsIntroduction/Exercises/ExercisesXP/exercise-4-esm-todo/todoApp/app.js | Week6DatabasesAndNodejs/Day4NodejsIntroduction/Exercises/ExercisesXP/exercise-4-esm-todo/todoApp/todo.js,Week6DatabasesAndNodejs/Day4NodejsIntroduction/Exercises/ExercisesXP/exercise-4-esm-todo/todoApp/app.js,False,,,,65,65
Week6DatabasesAndNodejs/Day4NodejsIntroduction/Exercises/ExercisesXP/exercise-5-math-app,Exercise 5 Math App,exercise-5-math-app,"Practice relational modeling, joins, constraints, CRUD operations, and PostgreSQL queries.",Week6DatabasesAndNodejs,Day4NodejsIntroduction,Exercise,XP,JSON | JavaScript,3,1478,59,Week6DatabasesAndNodejs/Day4NodejsIntroduction/Exercises/ExercisesXP/exercise-5-math-app/math-app/app.js | Week6DatabasesAndNodejs/Day4NodejsIntroduction/Exercises/ExercisesXP/exercise-5-math-app/math-app/math.js,Week6DatabasesAndNodejs/Day4NodejsIntroduction/Exercises/ExercisesXP/exercise-5-math-app/math-app/app.js,False,,,,65,65
Week6DatabasesAndNodejs/Day4NodejsIntroduction/Exercises/ExercisesXP/exercise-6-npm-beginner-chalk,Exercise 6 npm Beginner Chalk,exercise-6-npm-beginner-chalk,"Practice relational modeling, joins, constraints, CRUD operations, and PostgreSQL queries.",Week6DatabasesAndNodejs,Day4NodejsIntroduction,Exercise,XP,JSON | JavaScript,2,959,39,Week6DatabasesAndNodejs/Day4NodejsIntroduction/Exercises/ExercisesXP/exercise-6-npm-beginner-chalk/npm-beginner/app.js,Week6DatabasesAndNodejs/Day4NodejsIntroduction/Exercises/ExercisesXP/exercise-6-npm-beginner-chalk/npm-beginner/app.js,False,,,,65,58
Week6DatabasesAndNodejs/Day4NodejsIntroduction/Exercises/ExercisesXP/exercise-7-file-explorer,Exercise 7 File Explorer,exercise-7-file-explorer,"Practice relational modeling, joins, constraints, CRUD operations, and PostgreSQL queries.",Week6DatabasesAndNodejs,Day4NodejsIntroduction,Exercise,XP,JSON | JavaScript,4,1475,52,Week6DatabasesAndNodejs/Day4NodejsIntroduction/Exercises/ExercisesXP/exercise-7-file-explorer/file-explorer/copy-file.js | Week6DatabasesAndNodejs/Day4NodejsIntroduction/Exercises/ExercisesXP/exercise-7-file-explorer/file-explorer/read-directory.js,,False,,,,55,55
